{"rank": 1, "bleu_score": 1.6483051758939467e-155, "candidate": "            self.make_current()\n"}
{"rank": 2, "bleu_score": 1.6483051758939467e-155, "candidate": "            self.make_current()\n"}
{"rank": 3, "bleu_score": 1.6483051758939467e-155, "candidate": "            self.make_current()\n"}
{"rank": 4, "bleu_score": 1.6483051758939467e-155, "candidate": "            self.make_current()\n"}
{"rank": 5, "bleu_score": 1.6483051758939467e-155, "candidate": "            self.make_current()\n"}
{"rank": 6, "bleu_score": 1.6483051758939467e-155, "candidate": "            self.make_current()\n"}
{"rank": 7, "bleu_score": 1.6483051758939467e-155, "candidate": "            self.make_current()\n"}
{"rank": 8, "bleu_score": 1.6483051758939467e-155, "candidate": "            self.make_current()\n"}
{"rank": 9, "bleu_score": 1.6483051758939467e-155, "candidate": "            self.make_current()\n"}
{"rank": 10, "bleu_score": 1.6483051758939467e-155, "candidate": "            self.make_current()\n"}
{"rank": 11, "bleu_score": 1.6483051758939467e-155, "candidate": "            self.make_current()\n"}
{"rank": 12, "bleu_score": 1.6483051758939467e-155, "candidate": "            self.make_current()\n"}
{"rank": 13, "bleu_score": 1.6483051758939467e-155, "candidate": "            self.make_current()\n"}
{"rank": 14, "bleu_score": 1.6483051758939467e-155, "candidate": "            self.make_current()\n"}
{"rank": 15, "bleu_score": 1.6483051758939467e-155, "candidate": "            self.make_current()\n"}
{"rank": 16, "bleu_score": 1.6483051758939467e-155, "candidate": "            self.make_current()\n"}
{"rank": 17, "bleu_score": 1.6483051758939467e-155, "candidate": "            self.make_current()\n"}
{"rank": 18, "bleu_score": 1.6483051758939467e-155, "candidate": "            self.make_current()\n"}
{"rank": 19, "bleu_score": 1.6483051758939467e-155, "candidate": "            self.make_current()\n"}
{"rank": 20, "bleu_score": 1.6483051758939467e-155, "candidate": "            self.make_current()\n"}
