{"rank": 1, "bleu_score": 6.06377586987861e-156, "candidate": "             else 1)\n"}
{"rank": 2, "bleu_score": 6.06377586987861e-156, "candidate": "             else 1)\n"}
{"rank": 3, "bleu_score": 6.06377586987861e-156, "candidate": "             else self.total)\n"}
{"rank": 4, "bleu_score": 6.06377586987861e-156, "candidate": "             else self.total)\n"}
{"rank": 5, "bleu_score": 0.035204773658314856, "candidate": "             else None)\n"}
{"rank": 6, "bleu_score": 6.06377586987861e-156, "candidate": "             else 1)\n"}
{"rank": 7, "bleu_score": 6.06377586987861e-156, "candidate": "             else self.total)\n"}
{"rank": 8, "bleu_score": 6.06377586987861e-156, "candidate": "             else 1)\n"}
{"rank": 9, "bleu_score": 6.06377586987861e-156, "candidate": "             else -1)\n"}
{"rank": 10, "bleu_score": 0.035204773658314856, "candidate": "             else None)\n"}
{"rank": 11, "bleu_score": 0.035204773658314856, "candidate": "             else None)\n"}
{"rank": 12, "bleu_score": 0.035204773658314856, "candidate": "             else None)\n"}
{"rank": 13, "bleu_score": 6.06377586987861e-156, "candidate": "             else 1)\n"}
{"rank": 14, "bleu_score": 6.06377586987861e-156, "candidate": "             else 1)\n"}
{"rank": 15, "bleu_score": 6.06377586987861e-156, "candidate": "             else self.total)\n"}
{"rank": 16, "bleu_score": 0.035204773658314856, "candidate": "             else None)\n"}
{"rank": 17, "bleu_score": 0.035204773658314856, "candidate": "             else None)\n"}
{"rank": 18, "bleu_score": 6.06377586987861e-156, "candidate": "             else 1)\n"}
{"rank": 19, "bleu_score": 0.035204773658314856, "candidate": "             else None)\n"}
{"rank": 20, "bleu_score": 6.06377586987861e-156, "candidate": "             else 0)\n"}
