{"rank": 1, "bleu_score": 0.01831563888873418, "candidate": "        (?:\n"}
{"rank": 2, "bleu_score": 6.742910459668368e-156, "candidate": "        (video/video\\.php\\?v=\\d+|\n"}
{"rank": 3, "bleu_score": 0.01831563888873418, "candidate": "            (?:\n"}
{"rank": 4, "bleu_score": 1.0, "candidate": "        (?:[^#]*?\\#!/)?\n"}
{"rank": 5, "bleu_score": 0.01831563888873418, "candidate": "            (?:\n"}
{"rank": 6, "bleu_score": 0.24779731389167603, "candidate": "        (?:[^/]+/videos/(?P<id1>[0-9]+)|\n"}
{"rank": 7, "bleu_score": 0.01831563888873418, "candidate": "            (?:\n"}
{"rank": 8, "bleu_score": 0.01831563888873418, "candidate": "        (?:\n"}
{"rank": 9, "bleu_score": 0.01831563888873418, "candidate": "        (?:\n"}
{"rank": 10, "bleu_score": 0.01831563888873418, "candidate": "        (?:\n"}
{"rank": 11, "bleu_score": 0.01831563888873418, "candidate": "        (?:\n"}
{"rank": 12, "bleu_score": 0.01831563888873418, "candidate": "        (?:\n"}
{"rank": 13, "bleu_score": 0.01831563888873418, "candidate": "        (?:\n"}
{"rank": 14, "bleu_score": 0.2619684159977919, "candidate": "        (?:video/video\\.php\\?.*?\\bv=(?P<id>\\d+)|\n"}
{"rank": 15, "bleu_score": 0.01831563888873418, "candidate": "        (?:\n"}
{"rank": 16, "bleu_score": 0.01831563888873418, "candidate": "        (?:\n"}
{"rank": 17, "bleu_score": 0.01831563888873418, "candidate": "        (?:\n"}
{"rank": 18, "bleu_score": 1.2403649029705922e-160, "candidate": "        (\n"}
{"rank": 19, "bleu_score": 0.16604088484913387, "candidate": "        (?P<page_id>[^/]+)/\n"}
{"rank": 20, "bleu_score": 1.2403649029705922e-160, "candidate": "        (\n"}
